polyethylene_sio2_composites_inventory,hasMaterial,Polyethylene–SiO 2 composites
polyethylene_sio2_composites_inventory,hasMaterial,micron and nanoscale particulates
polyethylene_sio2_composites_inventory,hasMaterial,base polyethylene
polyethylene_sio2_composites_inventory,hasMaterial,antioxidants
polyethylene_sio2_composites_inventory,hasMaterial,dicumyl peroxide (DCP)
polyethylene_sio2_composites_inventory,hasMaterial,nanosilica
polyethylene_sio2_composites_inventory,hasMaterial,triethoxyvinylsilane (TES)
polyethylene_sio2_composites_inventory,hasMaterial,n-(2-aminoethyl) 3-aminopropyltrimethoxysilane (AEAPS)
polyethylene_sio2_composites_inventory,hasMaterial,hexamethyldisilazane (HMDS)
polyethylene_sio2_composites_inventory,hasMaterial,XLPE
polyethylene_sio2_composites_inventory,hasMaterial,untreated nanosilica
polyethylene_sio2_composites_inventory,hasMaterial,AEAPS treated nanosilica
polyethylene_sio2_composites_inventory,hasMaterial,HMDS treated nanosilica
polyethylene_sio2_composites_inventory,hasMaterial,TES treated nanosilica
polyethylene_sio2_composites_inventory,hasMaterial,Micron Scale silica
polyethylene_sio2_composites_inventory,hasMaterial,Nanoscale silica
polyethylene_sio2_composites_inventory,hasMaterial,XLPE + untreated nanosilica
polyethylene_sio2_composites_inventory,hasMaterial,XLPE + AEAPS treated nanosilica
polyethylene_sio2_composites_inventory,hasMaterial,XLPE + HMDS treated nanosilica
polyethylene_sio2_composites_inventory,hasMaterial,XLPE + TES treated nanosilica
polyethylene_sio2_composites_inventory,hasMaterial,XLPE + 5% untreated nanosilica
polyethylene_sio2_composites_inventory,hasMaterial,XLPE + 5% AEAPS treated nanosilica
polyethylene_sio2_composites_inventory,hasMaterial,XLPE + 5% HMDS-treated nanosilica
polyethylene_sio2_composites_inventory,hasMaterial,XLPE + 5% TES treated nanosilica
polyethylene_sio2_composites_inventory,hasMaterial,XLPE + 5% microsilica
polyethylene_sio2_composites_inventory,hasMaterial,Untreated nanocomposite
polyethylene_sio2_composites_inventory,hasMaterial,Microcomposite
polyethylene_sio2_composites_inventory,hasMaterial,Vinylsilane-treated nanocomposite
polyethylene_sio2_composites_inventory,hasMaterial,Aminosilane-treated nanocomposite
polyethylene_sio2_composites_inventory,hasMaterial,HMDS-treated nanocomposite
polyethylene_sio2_composites_inventory,hasMaterial,XLPE + Micron Scale silica
polyethylene_sio2_composites_inventory,hasMaterial,XLPE + untreated nanoscale silica
polyethylene_sio2_composites_inventory,hasMaterial,XLPE + AEAPS treated nanoscale silica
polyethylene_sio2_composites_inventory,hasMaterial,XLPE + HMDS treated nanoscale silica
polyethylene_sio2_composites_inventory,hasMaterial,XLPE + TES treated nanoscale silica